STATION,DATE,AWND,PRCP,TAVG
USW00012916,1948-01,,145.4,7.7
USW00012916,1948-02,,50,14.5
USW00012916,1948-03,,485.1,18.1
USW00012916,1948-04,,37.8,22.2
USW00012916,1948-05,,44.2,24.8
USW00012916,1948-06,,32.6,28
USW00012916,1948-07,,114,28.3
USW00012916,1948-08,,147.3,27.6
USW00012916,1948-09,,343.7,24.3
USW00012916,1948-10,,27.2,20.4
USW00012916,1948-11,,348.6,17.1
USW00012916,1948-12,,135,15.4
USW00012916,1949-01,,70.5,15.4
USW00012916,1949-02,,72.5,16.6
USW00012916,1949-03,,206.8,16.5
USW00012916,1949-04,,223.1,19.6
USW00012916,1949-05,,25.1,24.7
USW00012916,1949-06,,111,27.4
USW00012916,1949-07,,152.7,27.9
USW00012916,1949-08,,92.2,27.9
USW00012916,1949-09,,131.8,25.9
USW00012916,1949-10,,108.4,23.7
USW00012916,1949-11,,5.3,15
USW00012916,1949-12,,136.1,14.9
USW00012916,1950-01,,99.8,19.5
USW00012916,1950-02,,103.6,16
USW00012916,1950-03,,143.1,15.1
USW00012916,1950-04,,185.4,18.2
USW00012916,1950-05,,70.1,24.6
USW00012916,1950-06,,151.8,27.4
USW00012916,1950-07,,182.9,27
USW00012916,1950-08,,110.4,27.5
USW00012916,1950-09,,25,26.2
USW00012916,1950-10,,30,21.8
USW00012916,1950-11,,23.2,13.9
USW00012916,1950-12,,155.5,11.3
USW00012916,1951-01,,139.6,13.1
USW00012916,1951-02,,50.3,13.6
USW00012916,1951-03,,196.7,17
USW00012916,1951-04,,197.8,19.1
USW00012916,1951-05,,42.1,23.7
USW00012916,1951-06,,75.8,27.4
USW00012916,1951-07,,87.7,28.4
USW00012916,1951-08,,125.3,29.9
USW00012916,1951-09,,179,26.6
USW00012916,1951-10,,28.2,22.6
USW00012916,1951-11,,76.2,13.8
USW00012916,1951-12,,80.7,15.4
USW00012916,1952-01,,68.8,16.8
USW00012916,1952-02,,204.7,14.9
USW00012916,1952-03,,128.7,15.7
USW00012916,1952-04,,122.5,18.6
USW00012916,1952-05,,147.2,23.9
USW00012916,1952-06,,28.5,27.8
USW00012916,1952-07,,158.5,27.5
USW00012916,1952-08,,50.9,28
USW00012916,1952-09,,71.4,25.4
USW00012916,1952-10,,0,17.6
USW00012916,1952-11,,76.3,14.5
USW00012916,1952-12,,174.3,12.4
USW00012916,1953-01,,65,13.8
USW00012916,1953-02,,180.4,13.5
USW00012916,1953-03,,89.8,19.5
USW00012916,1953-04,,151.2,20.1
USW00012916,1953-05,,35.4,25.5
USW00012916,1953-06,,183.4,28.6
USW00012916,1953-07,,265.1,27.9
USW00012916,1953-08,,124,27.8
USW00012916,1953-09,,6,26.2
USW00012916,1953-10,,13,21.3
USW00012916,1953-11,,264,15.4
USW00012916,1953-12,,227.1,11.3
USW00012916,1954-01,,100.5,13
USW00012916,1954-02,,34,15.4
USW00012916,1954-03,,56.5,15.7
USW00012916,1954-04,,58.2,21.8
USW00012916,1954-05,,113.1,21.7
USW00012916,1954-06,,80.4,27.1
USW00012916,1954-07,,291.1,28
USW00012916,1954-08,,137.1,28.2
USW00012916,1954-09,,169.3,27.1
USW00012916,1954-10,,138.6,21.7
USW00012916,1954-11,,51.7,14.8
USW00012916,1954-12,,152.9,12.6
USW00012916,1955-01,,181.2,11.8
USW00012916,1955-02,,131.2,14.4
USW00012916,1955-03,,6.1,18.5
USW00012916,1955-04,,122.3,21.9
USW00012916,1955-05,,136.5,25.7
USW00012916,1955-06,,112.3,26
USW00012916,1955-07,,252.9,27.3
USW00012916,1955-08,,299,28.1
USW00012916,1955-09,,115.2,27
USW00012916,1955-10,,22.9,20.7
USW00012916,1955-11,,69.8,15.6
USW00012916,1955-12,,71.5,13
USW00012916,1956-01,,60.2,10.9
USW00012916,1956-02,,184.9,16.2
USW00012916,1956-03,,93.1,16.9
USW00012916,1956-04,,105.7,19.8
USW00012916,1956-05,,60.1,25.1
USW00012916,1956-06,,169.7,25.9
USW00012916,1956-07,,169,27.7
USW00012916,1956-08,,126.9,27.5
USW00012916,1956-09,,203.8,25.4
USW00012916,1956-10,,48.3,22.2
USW00012916,1956-11,,45.2,15.7
USW00012916,1956-12,,164.9,16.2
USW00012916,1957-01,,39.5,15.5
USW00012916,1957-02,,73.4,17.6
USW00012916,1957-03,,208,16.3
USW00012916,1957-04,,172.3,20.8
USW00012916,1957-05,,31.4,24.9
USW00012916,1957-06,,188.5,26.9
USW00012916,1957-07,,130,28.9
USW00012916,1957-08,,192.3,27.7
USW00012916,1957-09,,259.4,24.8
USW00012916,1957-10,,54.7,19.3
USW00012916,1957-11,,105.6,16.6
USW00012916,1957-12,,78.5,12.9
USW00012916,1958-01,,172.3,9.2
USW00012916,1958-02,,100.7,9.1
USW00012916,1958-03,,177.3,14.9
USW00012916,1958-04,,50.8,20.7
USW00012916,1958-05,,170.2,24.3
USW00012916,1958-06,,71.4,27.4
USW00012916,1958-07,,232,27.6
USW00012916,1958-08,,81.1,27.7
USW00012916,1958-09,,167,26.7
USW00012916,1958-10,,22.7,20.9
USW00012916,1958-11,,28.1,17.3
USW00012916,1958-12,,37.2,11.5
USW00012916,1959-01,,94.3,10.1
USW00012916,1959-02,,268.4,14
USW00012916,1959-03,,97.2,15.6
USW00012916,1959-04,,80.8,20
USW00012916,1959-05,,364.2,25.1
USW00012916,1959-06,,171.7,27.4
USW00012916,1959-07,,202.3,27.8
USW00012916,1959-08,,115.2,28.1
USW00012916,1959-09,,88.1,26.6
USW00012916,1959-10,,164,22.8
USW00012916,1959-11,,29,14.8
USW00012916,1959-12,,65.5,13.1
USW00012916,1960-01,,84.8,11
USW00012916,1960-02,,121.1,9.8
USW00012916,1960-03,,93.5,13.4
USW00012916,1960-04,,144.5,19.7
USW00012916,1960-05,,83.9,21.9
USW00012916,1960-06,,42.7,26.7
USW00012916,1960-07,,108.4,28.8
USW00012916,1960-08,,165.5,27.4
USW00012916,1960-09,,104.5,25.6
USW00012916,1960-10,,124.4,21.4
USW00012916,1960-11,,15.2,16.4
USW00012916,1960-12,,106,11.1
USW00012916,1961-01,,176.3,8.5
USW00012916,1961-02,,228.6,14.5
USW00012916,1961-03,,216.8,18.1
USW00012916,1961-04,,73.3,18.2
USW00012916,1961-05,,164.1,22.6
USW00012916,1961-06,,203.4,25.1
USW00012916,1961-07,,263.7,26.5
USW00012916,1961-08,,184.5,26.5
USW00012916,1961-09,,226,25.6
USW00012916,1961-10,,13,20
USW00012916,1961-11,,220,16.2
USW00012916,1961-12,,152.7,13.5
USW00012916,1962-01,,106.5,10.2
USW00012916,1962-02,,25.9,17.7
USW00012916,1962-03,,40.9,14.4
USW00012916,1962-04,,67.7,18.7
USW00012916,1962-05,,33.3,24.5
USW00012916,1962-06,,225.4,26.3
USW00012916,1962-07,,119.5,28.7
USW00012916,1962-08,,61.4,27.9
USW00012916,1962-09,,64.1,25.8
USW00012916,1962-10,,83.4,22
USW00012916,1962-11,,49.8,14.4
USW00012916,1962-12,,113.7,10.6
USW00012916,1963-01,,132.4,8.6
USW00012916,1963-02,,149.9,9
USW00012916,1963-03,,25.4,18.7
USW00012916,1963-04,,46.8,22.6
USW00012916,1963-05,,80.6,24
USW00012916,1963-06,,105.9,26.4
USW00012916,1963-07,,162.7,27.3
USW00012916,1963-08,,54,27.5
USW00012916,1963-09,,186.9,25.4
USW00012916,1963-10,,0,21.1
USW00012916,1963-11,,199.3,15.7
USW00012916,1963-12,,133.5,7.9
USW00012916,1964-01,,243.7,10
USW00012916,1964-02,,135.9,9.9
USW00012916,1964-03,,138.3,15.8
USW00012916,1964-04,,143.8,21.4
USW00012916,1964-05,,42.9,23.6
USW00012916,1964-06,,140.4,26.1
USW00012916,1964-07,,149.9,27
USW00012916,1964-08,,98.7,27.6
USW00012916,1964-09,,125.3,25
USW00012916,1964-10,,88.9,18.2
USW00012916,1964-11,,89,16.5
USW00012916,1964-12,,78.7,13.5
USW00012916,1965-01,,113.9,12.7
USW00012916,1965-02,,133.4,12.4
USW00012916,1965-03,,49.6,15
USW00012916,1965-04,,8.4,21.6
USW00012916,1965-05,,92,24.1
USW00012916,1965-06,,56.3,25.8
USW00012916,1965-07,,133.9,27.2
USW00012916,1965-08,,161.3,25.4
USW00012916,1965-09,,255,24.6
USW00012916,1965-10,,26.2,19.3
USW00012916,1965-11,,38,18.1
USW00012916,1965-12,,186.7,12.2
USW00012916,1966-01,,320.5,8.3
USW00012916,1966-02,,256.7,11.1
USW00012916,1966-03,,48.3,15
USW00012916,1966-04,,125.1,20.4
USW00012916,1966-05,,236.3,23.9
USW00012916,1966-06,,53.4,25.1
USW00012916,1966-07,,239.6,27.9
USW00012916,1966-08,,72.2,26.9
USW00012916,1966-09,,141,25
USW00012916,1966-10,,80.2,20.5
USW00012916,1966-11,,18.2,16.4
USW00012916,1966-12,,138.2,11.8
USW00012916,1967-01,,107.2,11.4
USW00012916,1967-02,,172.8,11.4
USW00012916,1967-03,,40.7,17.3
USW00012916,1967-04,,55.4,22.3
USW00012916,1967-05,,90.4,23.2
USW00012916,1967-06,,60.9,27.5
USW00012916,1967-07,,163,27
USW00012916,1967-08,,190.9,26.6
USW00012916,1967-09,,94.7,24
USW00012916,1967-10,,96.4,18.7
USW00012916,1967-11,,11.4,15.7
USW00012916,1967-12,,273.5,14.6
USW00012916,1968-01,,13.8,10.9
USW00012916,1968-02,,76.7,8.4
USW00012916,1968-03,,88.8,13.2
USW00012916,1968-04,,91.2,20.1
USW00012916,1968-05,,104.9,23.4
USW00012916,1968-06,,93.7,26.9
USW00012916,1968-07,,126.2,28
USW00012916,1968-08,,121.5,27.2
USW00012916,1968-09,,62.1,24.1
USW00012916,1968-10,,35.5,20.2
USW00012916,1968-11,,126.3,13
USW00012916,1968-12,,156,10.4
USW00012916,1969-01,,79.4,12.4
USW00012916,1969-02,,122,12.5
USW00012916,1969-03,,179.9,12.1
USW00012916,1969-04,,153.4,20.4
USW00012916,1969-05,,139.9,22.9
USW00012916,1969-06,,62.8,26.8
USW00012916,1969-07,,168.7,27.8
USW00012916,1969-08,,198.1,26.7
USW00012916,1969-09,,27.5,24.8
USW00012916,1969-10,,12.9,21.7
USW00012916,1969-11,,44.1,14.7
USW00012916,1969-12,,133.5,12.5
USW00012916,1970-01,,64.2,8.5
USW00012916,1970-02,,57.9,10.9
USW00012916,1970-03,,183.4,15.6
USW00012916,1970-04,,11,21.5
USW00012916,1970-05,,119,23.5
USW00012916,1970-06,,126.4,26.4
USW00012916,1970-07,,93.9,27.5
USW00012916,1970-08,,259.3,27.5
USW00012916,1970-09,,108.2,26.7
USW00012916,1970-10,,125.5,20.4
USW00012916,1970-11,,21.6,13
USW00012916,1970-12,,108.9,14.4
USW00012916,1971-01,,28.7,12.9
USW00012916,1971-02,,123.8,12.2
USW00012916,1971-03,,91.9,15.1
USW00012916,1971-04,,38.8,19.4
USW00012916,1971-05,,35.1,22.7
USW00012916,1971-06,,203.9,26.6
USW00012916,1971-07,,115.6,27.4
USW00012916,1971-08,,146.1,27.3
USW00012916,1971-09,,425.2,26
USW00012916,1971-10,,14.7,22
USW00012916,1971-11,,66.8,15.1
USW00012916,1971-12,,168.5,17.4
USW00012916,1972-01,,177.6,14.8
USW00012916,1972-02,,153.4,13.4
USW00012916,1972-03,,154.4,16.6
USW00012916,1972-04,,41.7,21
USW00012916,1972-05,,160.4,23.3
USW00012916,1972-06,,78.9,27.1
USW00012916,1972-07,,99.3,26.3
USW00012916,1972-08,,125.1,27.3
USW00012916,1972-09,,83.5,26.4
USW00012916,1972-10,,118,21.3
USW00012916,1972-11,,214.7,13.7
USW00012916,1972-12,,219.7,12.9
USW00012916,1973-01,,68,10.2
USW00012916,1973-02,,137.3,11.4
USW00012916,1973-03,,309,18.6
USW00012916,1973-04,,266,17.9
USW00012916,1973-05,,118.9,22.5
USW00012916,1973-06,,154.8,27.6
USW00012916,1973-07,,150.9,29.1
USW00012916,1973-08,,85.8,27.6
USW00012916,1973-09,,281.2,26.5
USW00012916,1973-10,,128.7,23
USW00012916,1973-11,,102.5,19.2
USW00012916,1973-12,,211.1,12.3
USW00012916,1974-01,,215,17.4
USW00012916,1974-02,,140.6,13.3
USW00012916,1974-03,,168.8,19.6
USW00012916,1974-04,,140.1,20.6
USW00012916,1974-05,,250,24.4
USW00012916,1974-06,,97.4,25.6
USW00012916,1974-07,,144,26.8
USW00012916,1974-08,,170.4,26.9
USW00012916,1974-09,,192.4,25
USW00012916,1974-10,,57.4,19.4
USW00012916,1974-11,,149.4,15.4
USW00012916,1974-12,,124.4,12.9
USW00012916,1975-01,,75.1,14
USW00012916,1975-02,,92.5,14.9
USW00012916,1975-03,,135.1,16.3
USW00012916,1975-04,,170,19.3
USW00012916,1975-05,,203.9,23.9
USW00012916,1975-06,,311.9,26.3
USW00012916,1975-07,,212.3,26.8
USW00012916,1975-08,,256.8,26.9
USW00012916,1975-09,,101.1,23.9
USW00012916,1975-10,,101.7,21
USW00012916,1975-11,,72,16.2
USW00012916,1975-12,,96.7,11
USW00012916,1976-01,,66.4,10.3
USW00012916,1976-02,,97.9,14.6
USW00012916,1976-03,,78.3,18.2
USW00012916,1976-04,,7,20.3
USW00012916,1976-05,,141.7,22.4
USW00012916,1976-06,,85.4,25.7
USW00012916,1976-07,,144.1,27.4
USW00012916,1976-08,,43.1,27.5
USW00012916,1976-09,,40,25.4
USW00012916,1976-10,,129,17.8
USW00012916,1976-11,,147.5,11.5
USW00012916,1976-12,,223.8,10.3
USW00012916,1977-01,,142.6,6.3
USW00012916,1977-02,,69.7,12.1
USW00012916,1977-03,,100.8,18.3
USW00012916,1977-04,,162.1,20.5
USW00012916,1977-05,,65.8,24.4
USW00012916,1977-06,,44.2,28
USW00012916,1977-07,,74.1,28.8
USW00012916,1977-08,,409.5,27.7
USW00012916,1977-09,,342.6,26.8
USW00012916,1977-10,,110.1,20.1
USW00012916,1977-11,,223.1,17.1
USW00012916,1977-12,,105.5,12.3
USW00012916,1978-01,,346.6,6.7
USW00012916,1978-02,,64.3,7.2
USW00012916,1978-03,,67.8,15.5
USW00012916,1978-04,,87.5,21.9
USW00012916,1978-05,,247,24.9
USW00012916,1978-06,,198.6,27.3
USW00012916,1978-07,,262.8,28.1
USW00012916,1978-08,,372.9,28.4
USW00012916,1978-09,,75.8,27.3
USW00012916,1978-10,,0,20.9
USW00012916,1978-11,,118.8,19.5
USW00012916,1978-12,,112.1,13.2
USW00012916,1979-01,,141.1,7.7
USW00012916,1979-02,,317.3,11.6
USW00012916,1979-03,,84.1,17
USW00012916,1979-04,,124.6,21.7
USW00012916,1979-05,,111.3,23.6
USW00012916,1979-06,,5.9,27.3
USW00012916,1979-07,,290.3,28.6
USW00012916,1979-08,,116.1,28.2
USW00012916,1979-09,,115.7,26.2
USW00012916,1979-10,,37.8,21.6
USW00012916,1979-11,,108.6,14.4
USW00012916,1979-12,,77.9,11.4
USW00012916,1980-01,,161.8,13.4
USW00012916,1980-02,,78.6,11.1
USW00012916,1980-03,,256,16.7
USW00012916,1980-04,,409.6,19
USW00012916,1980-05,,245,25.5
USW00012916,1980-06,,93.7,28.5
USW00012916,1980-07,,123,29.9
USW00012916,1980-08,,42.7,29.7
USW00012916,1980-09,,160.4,28.6
USW00012916,1980-10,,149.2,20.4
USW00012916,1980-11,,97.8,15.5
USW00012916,1980-12,,39.1,12
USW00012916,1981-01,,24,9.2
USW00012916,1981-02,,212,12.9
USW00012916,1981-03,,68.7,16.6
USW00012916,1981-04,,57.9,21.9
USW00012916,1981-05,,136,23.8
USW00012916,1981-06,,215.4,28.7
USW00012916,1981-07,,48.9,29.4
USW00012916,1981-08,,282.2,28.4
USW00012916,1981-09,,121.5,25.5
USW00012916,1981-10,,51.5,21.7
USW00012916,1981-11,,28,18.3
USW00012916,1981-12,,139.8,12.4
USW00012916,1982-01,,70.2,12.5
USW00012916,1982-02,,200.2,12.8
USW00012916,1982-03,,65,18.8
USW00012916,1982-04,,149,21
USW00012916,1982-05,,30.4,24.7
USW00012916,1982-06,,137.9,27.5
USW00012916,1982-07,,332,27.4
USW00012916,1982-08,,48.9,27.9
USW00012916,1982-09,,137.2,24.9
USW00012916,1982-10,,97.5,21.3
USW00012916,1982-11,,138.4,16.9
USW00012916,1982-12,,260.7,15.2
USW00012916,1983-01,,84.1,10.1
USW00012916,1983-02,,319.7,12.1
USW00012916,1983-03,,124.1,14.6
USW00012916,1983-04,,377.5,17.9
USW00012916,1983-05,,94.2,23.3
USW00012916,1983-06,,270.3,25.4
USW00012916,1983-07,,75,27.5
USW00012916,1983-08,,159.8,28
USW00012916,1983-09,,145.3,24
USW00012916,1983-10,,123.8,20.6
USW00012916,1983-11,,160.5,15.6
USW00012916,1983-12,,232.5,9.7
USW00012916,1984-01,3.6,104.2,8.1
USW00012916,1984-02,3.9,133.9,12.2
USW00012916,1984-03,3.5,124.6,15.2
USW00012916,1984-04,4.2,43.6,19.7
USW00012916,1984-05,3.7,89.8,23.2
USW00012916,1984-06,2.1,121,25.2
USW00012916,1984-07,1.8,98.1,26
USW00012916,1984-08,2.6,241.6,26.3
USW00012916,1984-09,4.1,96.3,24.6
USW00012916,1984-10,3.4,72.2,23
USW00012916,1984-11,4.3,71.2,14.9
USW00012916,1984-12,3.9,64.3,16.8
USW00012916,1985-01,4.2,122.7,7.3
USW00012916,1985-02,4.5,235.7,11.3
USW00012916,1985-03,4.3,179.6,18.5
USW00012916,1985-04,4.1,53.6,20.5
USW00012916,1985-05,3.7,29.6,23.7
USW00012916,1985-06,3.5,115.9,26.3
USW00012916,1985-07,2.7,175.8,26.8
USW00012916,1985-08,3.3,162,27.5
USW00012916,1985-09,3.9,145.8,25
USW00012916,1985-10,4.3,335.4,22.5
USW00012916,1985-11,3.6,24.4,19.6
USW00012916,1985-12,3.7,121.4,10.5
USW00012916,1986-01,4.1,88.7,10.6
USW00012916,1986-02,4.8,74.5,15.1
USW00012916,1986-03,4.1,47.8,15.9
USW00012916,1986-04,4,38.2,19.5
USW00012916,1986-05,4.1,41,24.8
USW00012916,1986-06,3,225.3,27.2
USW00012916,1986-07,3,91.6,28.4
USW00012916,1986-08,3,171.4,27.5
USW00012916,1986-09,3,36.1,27.2
USW00012916,1986-10,3.4,72.9,21.3
USW00012916,1986-11,4.4,200.7,19
USW00012916,1986-12,3.8,128.3,11.8
USW00012916,1987-01,4.1,225.6,10
USW00012916,1987-02,4.6,187.5,13.5
USW00012916,1987-03,4.1,111.6,15.7
USW00012916,1987-04,3.7,57.7,19
USW00012916,1987-05,2.8,88,24.9
USW00012916,1987-06,3,381.3,26.6
USW00012916,1987-07,2.6,162.1,28.3
USW00012916,1987-08,2.7,128.5,28.6
USW00012916,1987-09,2.9,32.9,25.7
USW00012916,1987-10,3.5,18.3,18
USW00012916,1987-11,4.3,74.1,16.4
USW00012916,1987-12,4.2,73.1,15
USW00012916,1988-01,4.5,95.1,9.6
USW00012916,1988-02,4.2,287.3,11.8
USW00012916,1988-03,4.5,226.2,16.1
USW00012916,1988-04,4.2,235,20.2
USW00012916,1988-05,3.8,42.7,22.9
USW00012916,1988-06,3.5,286.4,25.8
USW00012916,1988-07,3.1,172.5,27.6
USW00012916,1988-08,3.1,191.3,27.4
USW00012916,1988-09,3.9,149,26.5
USW00012916,1988-10,3.7,72.9,20
USW00012916,1988-11,4.6,32,18.7
USW00012916,1988-12,4,100.1,13.3
USW00012916,1989-01,4,62.8,15.7
USW00012916,1989-02,4.7,3.8,13.3
USW00012916,1989-03,4.7,181.5,17.1
USW00012916,1989-04,4,81.5,19.4
USW00012916,1989-05,4.2,89.1,24.7
USW00012916,1989-06,3.7,208.9,26.3
USW00012916,1989-07,3.2,211.9,27.4
USW00012916,1989-08,2.8,84.1,27.6
USW00012916,1989-09,3.4,115.2,25
USW00012916,1989-10,3.2,13,19.7
USW00012916,1989-11,4,503.4,16.8
USW00012916,1989-12,4.4,159.5,8.3
USW00012916,1990-01,4,192.9,14
USW00012916,1990-02,5.1,291,16.3
USW00012916,1990-03,4.3,151.9,17.4
USW00012916,1990-04,3.9,116.5,19.8
USW00012916,1990-05,4.3,149.1,24.5
USW00012916,1990-06,3,25.8,28.1
USW00012916,1990-07,2.8,58.5,27.9
USW00012916,1990-08,2.9,62.2,28.4
USW00012916,1990-09,2.7,115.6,26.4
USW00012916,1990-10,3.4,60.6,20.1
USW00012916,1990-11,3.8,81.5,16.8
USW00012916,1990-12,4.7,245.6,15
USW00012916,1991-01,4.4,488.9,11.5
USW00012916,1991-02,4.5,137.7,14.5
USW00012916,1991-03,5.3,159.3,17.9
USW00012916,1991-04,4.7,388.3,21.8
USW00012916,1991-05,4.1,362.7,25.3
USW00012916,1991-06,3.1,272.1,27.4
USW00012916,1991-07,2.7,334,28.6
USW00012916,1991-08,2.6,199.7,27.6
USW00012916,1991-09,3.3,87.4,25.6
USW00012916,1991-10,4,47.7,22
USW00012916,1991-11,4.1,55.7,13.3
USW00012916,1991-12,4.2,66.9,14.2
USW00012916,1992-01,3.7,252.7,10.6
USW00012916,1992-02,4,221.7,14.6
USW00012916,1992-03,4.4,170.1,16.6
USW00012916,1992-04,4,64.1,19.1
USW00012916,1992-05,3.5,24.2,22.7
USW00012916,1992-06,3.2,241.9,26.9
USW00012916,1992-07,2.6,146.2,28.4
USW00012916,1992-08,3.2,245,26.4
USW00012916,1992-09,3.6,168.6,25.8
USW00012916,1992-10,3.6,14,20.8
USW00012916,1992-11,4.2,387.8,14.1
USW00012916,1992-12,3.9,144.3,14.5
USW00012916,1993-01,3.9,157.9,14
USW00012916,1993-02,4.4,59.4,12.6
USW00012916,1993-03,4.4,143.5,14.9
USW00012916,1993-04,4.7,173.4,17.8
USW00012916,1993-05,3.5,183.7,22.2
USW00012916,1993-06,3.4,125.9,26.9
USW00012916,1993-07,2.6,146.4,28.5
USW00012916,1993-08,2.8,57.6,28.6
USW00012916,1993-09,3.3,62.7,26.5
USW00012916,1993-10,3.7,93.4,21
USW00012916,1993-11,3.4,61.8,14.4
USW00012916,1993-12,4,73.7,11.2
USW00012916,1994-01,4.6,82.5,10
USW00012916,1994-02,4.1,13.8,13.8
USW00012916,1994-03,4.1,122.4,16
USW00012916,1994-04,4,71.7,20.9
USW00012916,1994-05,3.1,93.3,23.9
USW00012916,1994-06,2.6,237.5,27.4
USW00012916,1994-07,1.9,227.3,27.1
USW00012916,1994-08,1.8,116.7,27.4
USW00012916,1994-09,2.6,142.5,25.4
USW00012916,1994-10,3.4,58.5,21.6
USW00012916,1994-11,3.5,35.4,18.5
USW00012916,1994-12,3.1,117.2,13.6
USW00012916,1995-01,3.5,92.9,11.7
USW00012916,1995-02,3.5,125.4,13.5
USW00012916,1995-03,3.7,200.3,17.2
USW00012916,1995-04,3.4,96.8,20.4
USW00012916,1995-05,3.4,538,25.3
USW00012916,1995-06,2.3,72,26.3
USW00012916,1995-07,2.8,163.6,28.8
USW00012916,1995-08,2.3,82.7,29.2
USW00012916,1995-09,2.8,17.6,26.4
USW00012916,1995-10,3.8,33.3,21.8
USW00012916,1995-11,3.7,107.7,15.4
USW00012916,1995-12,4.1,129,12.9
USW00012916,1996-01,4.2,118.6,11.6
USW00012916,1996-02,3.9,39.7,13.3
USW00012916,1996-03,3.9,75.6,14.6
USW00012916,1996-04,4.7,98.3,19.5
USW00012916,1996-05,3.4,34.8,25.6
USW00012916,1996-06,2.6,218.6,27
USW00012916,1996-07,2.7,262.2,28.2
USW00012916,1996-08,2.4,222.8,27.3
USW00012916,1996-09,2.9,100.7,26.1
USW00012916,1996-10,4.1,65.7,21.3
USW00012916,1996-11,4.2,78.8,17.3
USW00012916,1996-12,3.6,141,14
USW00012916,1997-01,4.7,160.6,12.1
USW00012916,1997-02,4.6,174.9,13.9
USW00012916,1997-03,4,65.3,19.1
USW00012916,1997-04,4.5,124.8,18.6
USW00012916,1997-05,3.3,127.9,23.6
USW00012916,1997-06,2.8,177,26.4
USW00012916,1997-07,2.7,100.1,28.5
USW00012916,1997-08,2.8,57.3,28.6
USW00012916,1997-09,3,20.6,27.3
USW00012916,1997-10,4.1,34.9,21.8
USW00012916,1997-11,3.7,205.6,14.8
USW00012916,1997-12,4.1,64.9,11.5
USW00012916,1998-01,3.7,489.7,13.4
USW00012916,1998-02,4.4,108.8,13.3
USW00012916,1998-03,4.6,151.7,15.4
USW00012916,1998-04,4.3,111.6,19.7
USW00012916,1998-05,3.4,10.9,26
USW00012916,1998-06,4.1,85.9,28.7
USW00012916,1998-07,2.9,166.6,29.6
USW00012916,1998-08,2.5,211,29.2
USW00012916,1998-09,4.6,482.1,27.3
USW00012916,1998-10,3.3,46.2,23
USW00012916,1998-11,3.3,86.4,18.5
USW00012916,1998-12,3.8,57.1,15.1
USW00012916,1999-01,4.1,81.4,14.2
USW00012916,1999-02,3.9,23.3,16.2
USW00012916,1999-03,4.3,117,16.4
USW00012916,1999-04,4.4,7.7,22.9
USW00012916,1999-05,3.4,85.5,24.8
USW00012916,1999-06,2.9,309.9,27.4
USW00012916,1999-07,2.5,103,27.9
USW00012916,1999-08,2.8,132.4,29.7
USW00012916,1999-09,3.4,72.9,25.6
USW00012916,1999-10,3.3,138.7,21.5
USW00012916,1999-11,2.8,7.2,16.7
USW00012916,1999-12,3.9,97.8,12.9
USW00012916,2000-01,4.6,57.2,13.5
USW00012916,2000-02,3.7,46.1,15.9
USW00012916,2000-03,3.6,61.2,18.9
USW00012916,2000-04,4.1,28.9,20.5
USW00012916,2000-05,4.4,1.8,26.7
USW00012916,2000-06,3.2,138.8,27.6
USW00012916,2000-07,3.1,35.1,29.2
USW00012916,2000-08,2.6,59.7,29.1
USW00012916,2000-09,3.5,165,26.3
USW00012916,2000-10,3.2,27.9,21
USW00012916,2000-11,3.8,297.7,15.5
USW00012916,2000-12,4.3,68.8,9.8
USW00012916,2001-01,3.7,77.5,10.1
USW00012916,2001-02,3.8,40.4,15.7
USW00012916,2001-03,4.2,205,15.2
USW00012916,2001-04,4.4,27.5,22.3
USW00012916,2001-05,3.6,174,24.5
USW00012916,2001-06,3.4,447.8,26.8
USW00012916,2001-07,2.6,177.2,28.3
USW00012916,2001-08,2.6,188.3,28
USW00012916,2001-09,3.2,160.2,25.8
USW00012916,2001-10,3.9,130.3,20.2
USW00012916,2001-11,3,64.5,18.3
USW00012916,2001-12,3.5,73.7,14.2
USW00012916,2002-01,4,83.7,12.6
USW00012916,2002-02,4,70.2,11
USW00012916,2002-03,4.7,90.9,16.7
USW00012916,2002-04,3.9,54.4,22.5
USW00012916,2002-05,4,77.2,24.8
USW00012916,2002-06,3,122.6,27.1
USW00012916,2002-07,2.1,115.3,28.5
USW00012916,2002-08,2.7,104.1,28.2
USW00012916,2002-09,3.6,361.4,27.1
USW00012916,2002-10,3.4,256.2,23.4
USW00012916,2002-11,3.8,129.5,15.5
USW00012916,2002-12,4,122.4,12.3
USW00012916,2003-01,4.2,4.8,9.5
USW00012916,2003-02,4.1,115.9,13
USW00012916,2003-03,3.4,113.5,17
USW00012916,2003-04,4,157.2,20.9
USW00012916,2003-05,4.5,77.3,26.5
USW00012916,2003-06,2.7,441.2,27.3
USW00012916,2003-07,2.5,162.7,28.1
USW00012916,2003-08,2.6,157.3,28.9
USW00012916,2003-09,3.2,144.3,27
USW00012916,2003-10,3.2,104.7,22.4
USW00012916,2003-11,3.7,155.8,19
USW00012916,2003-12,3.8,49.2,12
USW00012916,2004-01,3.9,76.3,12.1
USW00012916,2004-02,4.6,213.6,11.7
USW00012916,2004-03,3.9,28.3,18.5
USW00012916,2004-04,3.8,376.2,19.8
USW00012916,2004-05,3.7,255,24.2
USW00012916,2004-06,2.8,345.1,27.2
USW00012916,2004-07,2.3,98.9,28.1
USW00012916,2004-08,3.1,95.2,27.6
USW00012916,2004-09,3.8,32.8,27.1
USW00012916,2004-10,3.3,216.9,24.8
USW00012916,2004-11,4.1,188.8,18.5
USW00012916,2004-12,3.8,87.3,11.3
USW00012916,2005-01,4,112.1,14.4
USW00012916,2005-02,3.9,209.4,15.2
USW00012916,2005-03,3.8,119.1,16
USW00012916,2005-04,4.4,84,20
USW00012916,2005-05,3.3,65.7,24.2
USW00012916,2005-06,2.7,64.1,27.8
USW00012916,2005-07,3.1,270.6,28.7
USW00012916,2005-08,2.5,210.1,29.3
USW00012916,2005-09,3.7,107.1,28.4
USW00012916,2005-10,3.8,1.1,22.1
USW00012916,2005-11,3.7,19,17.8
USW00012916,2005-12,4,84.3,12.2
USW00012916,2006-01,4.1,75,15.2
USW00012916,2006-02,4.6,80.3,13.7
USW00012916,2006-03,4.8,16.1,18.8
USW00012916,2006-04,4.1,96.1,23
USW00012916,2006-05,3.5,7.1,24.9
USW00012916,2006-06,3.2,70.7,28.8
USW00012916,2006-07,2.5,123.4,28.4
USW00012916,2006-08,2.4,170.1,28.6
USW00012916,2006-09,2.9,120,26.2
USW00012916,2006-10,3.5,82.4,22
USW00012916,2006-11,4,69.8,15.5
USW00012916,2006-12,4,254.9,12.8
USW00012916,2007-01,4.4,123.6,12
USW00012916,2007-02,3.8,58.5,12.1
USW00012916,2007-03,3.3,53.1,18.3
USW00012916,2007-04,3.9,42,19.7
USW00012916,2007-05,3.2,217.7,24.2
USW00012916,2007-06,2.7,219.4,27.4
USW00012916,2007-07,2.3,108.3,27.8
USW00012916,2007-08,2.4,103.7,29.5
USW00012916,2007-09,2.7,54,27.6
USW00012916,2007-10,3.7,240,22.3
USW00012916,2007-11,3.4,14.8,17.1
USW00012916,2007-12,3.5,119.6,15.7
USW00012916,2008-01,4.5,85,11.7
USW00012916,2008-02,4.1,73.1,15.1
USW00012916,2008-03,4.4,54.5,16.9
USW00012916,2008-04,3.8,170.3,20.6
USW00012916,2008-05,3.7,182.8,24.8
USW00012916,2008-06,2.8,111.7,28.1
USW00012916,2008-07,2.5,82.4,28.8
USW00012916,2008-08,3,183.4,28.1
USW00012916,2008-09,4.4,283.7,26.1
USW00012916,2008-10,3.3,45.2,21.2
USW00012916,2008-11,3.3,45.1,16.1
USW00012916,2008-12,4.1,56.2,15.1
USW00012916,2009-01,3.8,162.5,12.9
USW00012916,2009-02,4.5,111.5,14.8
USW00012916,2009-03,4.1,128.9,18.5
USW00012916,2009-04,4.8,33.8,20.5
USW00012916,2009-05,4.1,66.8,25.7
USW00012916,2009-06,3,54.1,28.5
USW00012916,2009-07,2.9,145.3,28.9
USW00012916,2009-08,2.2,241.4,28.2
USW00012916,2009-09,2.7,234.1,27.2
USW00012916,2009-10,3.9,151.9,22.1
USW00012916,2009-11,3.2,26,16.1
USW00012916,2009-12,4.4,658.5,11.9
USW00012916,2010-01,4,56.9,9.1
USW00012916,2010-02,4.1,167.6,9.1
USW00012916,2010-03,4,74,14.4
USW00012916,2010-04,3.9,66.4,21.2
USW00012916,2010-05,3.5,131.4,26.6
USW00012916,2010-06,2.2,254,28.9
USW00012916,2010-07,2.8,169.5,29.3
USW00012916,2010-08,2.8,298,29.4
USW00012916,2010-09,2.6,8.4,27.8
USW00012916,2010-10,3.4,18.6,22.3
USW00012916,2010-11,3.5,69.9,17.4
USW00012916,2010-12,4.3,55.2,10.9
USW00012916,2011-01,3.6,104,10.6
USW00012916,2011-02,4,42,13.7
USW00012916,2011-03,3.9,266.2,19.3
USW00012916,2011-04,5,8.9,23.3
USW00012916,2011-05,4.2,19.8,25.3
USW00012916,2011-06,3,119.3,29.5
USW00012916,2011-07,2.3,330.1,29
USW00012916,2011-08,2.5,40.9,30.7
USW00012916,2011-09,3.4,337.1,25.8
USW00012916,2011-10,3,5.6,20.8
USW00012916,2011-11,4.1,80.7,17.8
USW00012916,2011-12,3.6,33,14.3
USW00012916,2012-01,3.9,46.1,16
USW00012916,2012-02,4.2,120.1,16.1
USW00012916,2012-03,3.7,205.7,21.5
USW00012916,2012-04,3.8,189.1,22.7
USW00012916,2012-05,2.9,45,26.3
USW00012916,2012-06,3.3,80.9,28.1
USW00012916,2012-07,2.3,294.3,28.4
USW00012916,2012-08,3.4,472.9,27.9
USW00012916,2012-09,2.9,77,26.9
USW00012916,2012-10,3.3,10.2,21.2
USW00012916,2012-11,3.1,62.9,15.8
USW00012916,2012-12,3.8,130.3,14.9
USW00012916,2013-01,4.1,167.5,13.7
USW00012916,2013-02,4,183.3,14.3
USW00012916,2013-03,4.2,27.5,15.1
USW00012916,2013-04,4.3,295.2,20.1
USW00012916,2013-05,3.6,209,23.1
USW00012916,2013-06,2.7,111.6,28.2
USW00012916,2013-07,2.8,100.9,28
USW00012916,2013-08,2.5,183.4,28.2
USW00012916,2013-09,2.5,220.5,27.6
USW00012916,2013-10,3,58.2,22.8
USW00012916,2013-11,4.3,48,15.4
USW00012916,2013-12,4,81.2,12.9
USW00012916,2014-01,4.1,69,8.4
USW00012916,2014-02,4.3,160.1,13.4
USW00012916,2014-03,4,133.5,15.2
USW00012916,2014-04,4.7,58.7,20.4
USW00012916,2014-05,3.9,212.1,23.9
USW00012916,2014-06,3.1,204,27.5
USW00012916,2014-07,2.8,114.2,28
USW00012916,2014-08,2.8,139.8,29.1
USW00012916,2014-09,2.9,97.8,27.5
USW00012916,2014-10,3.3,46.6,22.6
USW00012916,2014-11,4.4,54.4,14.4
USW00012916,2014-12,3.5,100.6,14.9
USW00012916,2015-01,4.1,144.1,11.1
USW00012916,2015-02,4.7,51.7,11.3
USW00012916,2015-03,3.6,161.7,19.1
USW00012916,2015-04,3.7,304.2,23.1
USW00012916,2015-05,3.4,232.2,25.7
USW00012916,2015-06,3,95.3,28
USW00012916,2015-07,3.2,105.9,29.8
USW00012916,2015-08,3.2,83.3,29.4
USW00012916,2015-09,3.1,69.1,26.9
USW00012916,2015-10,4,242.3,22.9
USW00012916,2015-11,4.1,158.8,19.4
USW00012916,2015-12,4.4,164,18.1
USW00012916,2016-01,4.4,112.1,12.2
USW00012916,2016-02,4.2,94.5,15
USW00012916,2016-03,4.8,161.7,20.1
USW00012916,2016-04,4.2,251.3,21.9
USW00012916,2016-05,3.5,125.8,25.3
USW00012916,2016-06,2.8,248.5,29
USW00012916,2016-07,2.5,113.1,30.4
USW00012916,2016-08,2.9,301.5,30
USW00012916,2016-09,2.6,117.5,29.5
USW00012916,2016-10,2.9,1.3,25.4
USW00012916,2016-11,3.1,70.4,19.1
USW00012916,2016-12,3.7,199.8,15.3
USW00012916,2017-01,4,124.4,15.6
USW00012916,2017-02,3.7,69.6,18
USW00012916,2017-03,4,73,19.6
USW00012916,2017-04,4.2,138.6,21.8
USW00012916,2017-05,3.5,252.2,23.3
USW00012916,2017-06,3.6,393.1,26.7
USW00012916,2017-07,2.2,165.2,28.5
USW00012916,2017-08,2.9,400.7,28.4
USW00012916,2017-09,2.7,10.6,26.7
USW00012916,2017-10,3.8,79.5,22.7
USW00012916,2017-11,3,1.6,18.3
USW00012916,2017-12,3.3,130.9,13.1
USW00012916,2018-01,3.8,115.7,9.3
USW00012916,2018-02,4.1,78.6,20
USW00012916,2018-03,3.9,76.3,18.5
USW00012916,2018-04,3.8,147.8,19.4
USW00012916,2018-05,2.8,43.7,26.6
USW00012916,2018-06,2.8,172.3,28.8
USW00012916,2018-07,2.5,131.4,29.4
USW00012916,2018-08,2.4,251.1,28.8
USW00012916,2018-09,2.3,90,28.5
USW00012916,2018-10,3.6,130.2,24.8
USW00012916,2018-11,3.5,192.6,15.8
USW00012916,2018-12,3.8,135.4,14.7
USW00012916,2019-01,3.5,111.7,12.5
USW00012916,2019-02,4.1,155.2,18.4
USW00012916,2019-03,3.7,42.4,17.3
USW00012916,2019-04,4.1,173.1,21.1
USW00012916,2019-05,3.5,204.3,26.4
USW00012916,2019-06,3.1,109.8,29
USW00012916,2019-07,3.2,292.5,29
USW00012916,2019-08,2.3,98.9,29.7
USW00012916,2019-09,2.8,4.8,29.6
USW00012916,2019-10,3.3,316.7,24.1
USW00012916,2019-11,3.1,7.4,15.9
USW00012916,2019-12,3.6,72.1,15.3
